ETF,Fund_Name,Holdings_As_Of,Holding_Name,Holding_Ticker,Identifier,SEDOL,Weight,Sector,Shares_Held,Local_Currency
XLE,State StreetÂź Energy Select Sector SPDRÂź ETF,2026-04-16,EXXON MOBIL CORP,XOM,30231G102,2326618,23.037955,-,59738107.0,USD
XLE,State StreetÂź Energy Select Sector SPDRÂź ETF,2026-04-16,CHEVRON CORP,CVX,166764100,2838555,17.044231,-,35699912.0,USD
XLE,State StreetÂź Energy Select Sector SPDRÂź ETF,2026-04-16,CONOCOPHILLIPS,COP,20825C104,2685717,7.197879,-,23333080.0,USD
XLE,State StreetÂź Energy Select Sector SPDRÂź ETF,2026-04-16,SLB LTD,SLB,806857108,2779201,4.431633,-,33761000.0,USD
XLE,State StreetÂź Energy Select Sector SPDRÂź ETF,2026-04-16,WILLIAMS COS INC,WMB,969457100,2967181,4.281677,-,23812593.0,USD
XLE,State StreetÂź Energy Select Sector SPDRÂź ETF,2026-04-16,VALERO ENERGY CORP,VLO,91913Y100,2041364,4.224256,-,6886455.0,USD
XLE,State StreetÂź Energy Select Sector SPDRÂź ETF,2026-04-16,EOG RESOURCES INC,EOG,26875P101,2318024,4.167666,-,12250540.0,USD
XLE,State StreetÂź Energy Select Sector SPDRÂź ETF,2026-04-16,MARATHON PETROLEUM CORP,MPC,56585A102,B3K3L40,3.823647,-,6660432.0,USD
XLE,State StreetÂź Energy Select Sector SPDRÂź ETF,2026-04-16,PHILLIPS 66,PSX,718546104,B78C4Y8,3.770245,-,9096988.0,USD
XLE,State StreetÂź Energy Select Sector SPDRÂź ETF,2026-04-16,KINDER MORGAN INC,KMI,49456B101,B3NQ4P8,3.565666,-,44202223.0,USD
XLE,State StreetÂź Energy Select Sector SPDRÂź ETF,2026-04-16,BAKER HUGHES CO,BKR,05722G100,BDHLTQ5,3.43099,-,22312116.0,USD
XLE,State StreetÂź Energy Select Sector SPDRÂź ETF,2026-04-16,ONEOK INC,OKE,682680103,2130109,3.071744,-,14206545.0,USD
XLE,State StreetÂź Energy Select Sector SPDRÂź ETF,2026-04-16,TARGA RESOURCES CORP,TRGP,87612G101,B55PZY3,2.949161,-,4846466.0,USD
XLE,State StreetÂź Energy Select Sector SPDRÂź ETF,2026-04-16,OCCIDENTAL PETROLEUM CORP,OXY,674599105,2655408,2.343244,-,16237843.0,USD
XLE,State StreetÂź Energy Select Sector SPDRÂź ETF,2026-04-16,EQT CORP,EQT,26884L109,2319414,2.087645,-,14090036.0,USD
XLE,State StreetÂź Energy Select Sector SPDRÂź ETF,2026-04-16,DIAMONDBACK ENERGY INC,FANG,25278X109,B7Y8YR3,2.075576,-,4382325.0,USD
XLE,State StreetÂź Energy Select Sector SPDRÂź ETF,2026-04-16,HALLIBURTON CO,HAL,406216101,2405302,1.83058,-,18909849.0,USD
XLE,State StreetÂź Energy Select Sector SPDRÂź ETF,2026-04-16,DEVON ENERGY CORP,DVN,25179M103,2480677,1.626814,-,14004132.0,USD
XLE,State StreetÂź Energy Select Sector SPDRÂź ETF,2026-04-16,TEXAS PACIFIC LAND CORP,TPL,88262P102,BM99VY2,1.414194,-,1307429.0,USD
XLE,State StreetÂź Energy Select Sector SPDRÂź ETF,2026-04-16,COTERRA ENERGY INC,CTRA,127097103,2162340,1.38952,-,17128368.0,USD
XLE,State StreetÂź Energy Select Sector SPDRÂź ETF,2026-04-16,EXPAND ENERGY CORP,EXE,165167735,BMZ5LZ5,1.328461,-,5377275.0,USD
XLE,State StreetÂź Energy Select Sector SPDRÂź ETF,2026-04-16,APA CORP,APA,03743Q108,BNNF1C1,0.770094,-,8007532.0,USD
XLE,State StreetÂź Energy Select Sector SPDRÂź ETF,2026-04-16,SSI US GOV MONEY MARKET CLASS,-,924QSGII3,-,0.133284,-,52525767.89,USD
XLE,State StreetÂź Energy Select Sector SPDRÂź ETF,2026-04-16,XAE ENERGY        JUN26,IXPM6,ADI37P491,-,-0.002423,-,48000.0,USD
XLE,State StreetÂź Energy Select Sector SPDRÂź ETF,2026-04-16,US DOLLAR,-,999USDZ92,-,-0.015197,-,-5989016.34,USD
XLF,State StreetÂź Financial Select Sector SPDRÂź ETF,2026-04-16,BERKSHIRE HATHAWAY INC CL B,BRK.B,084670702,2073390,11.728266,-,12684256.0,USD
XLF,State StreetÂź Financial Select Sector SPDRÂź ETF,2026-04-16,JPMORGAN CHASE + CO,JPM,46625H100,2190385,11.24966,-,18650148.0,USD
XLF,State StreetÂź Financial Select Sector SPDRÂź ETF,2026-04-16,VISA INC CLASS A SHARES,V,92826C839,B2PZN04,7.130763,-,11628458.0,USD
XLF,State StreetÂź Financial Select Sector SPDRÂź ETF,2026-04-16,MASTERCARD INC   A,MA,57636Q104,B121557,5.684826,-,5633385.0,USD
XLF,State StreetÂź Financial Select Sector SPDRÂź ETF,2026-04-16,BANK OF AMERICA CORP,BAC,060505104,2295677,4.77973,-,45898966.0,USD
XLF,State StreetÂź Financial Select Sector SPDRÂź ETF,2026-04-16,GOLDMAN SACHS GROUP INC,GS,38141G104,2407966,3.633763,-,2074668.0,USD
XLF,State StreetÂź Financial Select Sector SPDRÂź ETF,2026-04-16,WELLS FARGO + CO,WFC,949746101,2649100,3.382537,-,21392115.0,USD
XLF,State StreetÂź Financial Select Sector SPDRÂź ETF,2026-04-16,CITIGROUP INC,C,172967424,2297907,3.042602,-,12087789.0,USD
XLF,State StreetÂź Financial Select Sector SPDRÂź ETF,2026-04-16,MORGAN STANLEY,MS,617446448,2262314,3.033695,-,8321897.0,USD
XLF,State StreetÂź Financial Select Sector SPDRÂź ETF,2026-04-16,AMERICAN EXPRESS CO,AXP,025816109,2026082,2.348563,-,3704580.0,USD
XLF,State StreetÂź Financial Select Sector SPDRÂź ETF,2026-04-16,SCHWAB (CHARLES) CORP,SCHW,808513105,2779397,2.082575,-,11553950.0,USD
XLF,State StreetÂź Financial Select Sector SPDRÂź ETF,2026-04-16,BLACKROCK INC,BLK,09290D101,BMZBBT7,1.990889,-,998111.0,USD
XLF,State StreetÂź Financial Select Sector SPDRÂź ETF,2026-04-16,S+P GLOBAL INC,SPGI,78409V104,BYV2325,1.799205,-,2116618.0,USD
XLF,State StreetÂź Financial Select Sector SPDRÂź ETF,2026-04-16,CAPITAL ONE FINANCIAL CORP,COF,14040H105,2654461,1.688927,-,4323907.0,USD
XLF,State StreetÂź Financial Select Sector SPDRÂź ETF,2026-04-16,CHUBB LTD,CB,H1467J104,B3BQMF6,1.608061,-,2515982.0,USD
XLF,State StreetÂź Financial Select Sector SPDRÂź ETF,2026-04-16,PROGRESSIVE CORP,PGR,743315103,2705024,1.605371,-,4054240.0,USD
XLF,State StreetÂź Financial Select Sector SPDRÂź ETF,2026-04-16,CME GROUP INC,CME,12572Q105,2965839,1.437954,-,2494395.0,USD
XLF,State StreetÂź Financial Select Sector SPDRÂź ETF,2026-04-16,BLACKSTONE INC,BX,09260D107,BKF2SL7,1.291367,-,5178849.0,USD
XLF,State StreetÂź Financial Select Sector SPDRÂź ETF,2026-04-16,INTERCONTINENTAL EXCHANGE IN,ICE,45866F104,BFSSDS9,1.251842,-,3928283.0,USD
XLF,State StreetÂź Financial Select Sector SPDRÂź ETF,2026-04-16,BANK OF NEW YORK MELLON CORP,BK,064058100,B1Z77F6,1.249286,-,4760776.0,USD
XLF,State StreetÂź Financial Select Sector SPDRÂź ETF,2026-04-16,PNC FINANCIAL SERVICES GROUP,PNC,693475105,2692665,1.196545,-,2793848.0,USD
XLF,State StreetÂź Financial Select Sector SPDRÂź ETF,2026-04-16,MARSH + MCLENNAN COS,MRSH,571748102,2567741,1.189833,-,3348814.0,USD
XLF,State StreetÂź Financial Select Sector SPDRÂź ETF,2026-04-16,US BANCORP,USB,902973304,2736035,1.160924,-,10752313.0,USD
XLF,State StreetÂź Financial Select Sector SPDRÂź ETF,2026-04-16,AON PLC CLASS A,AON,G0403H108,BLP1HW5,0.968272,-,1483701.0,USD
XLF,State StreetÂź Financial Select Sector SPDRÂź ETF,2026-04-16,KKR + CO INC,KKR,48251W104,BG1FRR1,0.942705,-,4748155.0,USD
XLF,State StreetÂź Financial Select Sector SPDRÂź ETF,2026-04-16,MOODY S CORP,MCO,615369105,2252058,0.926145,-,1061276.0,USD
XLF,State StreetÂź Financial Select Sector SPDRÂź ETF,2026-04-16,ROBINHOOD MARKETS INC   A,HOOD,770700102,BP0TQN6,0.924007,-,5466883.0,USD
XLF,State StreetÂź Financial Select Sector SPDRÂź ETF,2026-04-16,TRAVELERS COS INC/THE,TRV,89417E109,2769503,0.869891,-,1495756.0,USD
XLF,State StreetÂź Financial Select Sector SPDRÂź ETF,2026-04-16,TRUIST FINANCIAL CORP,TFC,89832Q109,BKP7287,0.840059,-,8732801.0,USD
XLF,State StreetÂź Financial Select Sector SPDRÂź ETF,2026-04-16,ARTHUR J GALLAGHER + CO,AJG,363576109,2359506,0.775148,-,1777527.0,USD
XLF,State StreetÂź Financial Select Sector SPDRÂź ETF,2026-04-16,APOLLO GLOBAL MANAGEMENT INC,APO,03769M106,BN44JF6,0.755144,-,3211894.0,USD
XLF,State StreetÂź Financial Select Sector SPDRÂź ETF,2026-04-16,ALLSTATE CORP,ALL,020002101,2019952,0.748519,-,1798406.0,USD
XLF,State StreetÂź Financial Select Sector SPDRÂź ETF,2026-04-16,AFLAC INC,AFL,001055102,2026361,0.71458,-,3229139.0,USD
XLF,State StreetÂź Financial Select Sector SPDRÂź ETF,2026-04-16,PAYPAL HOLDINGS INC,PYPL,70450Y103,BYW36M8,0.617322,-,6368389.0,USD
XLF,State StreetÂź Financial Select Sector SPDRÂź ETF,2026-04-16,FIFTH THIRD BANCORP,FITB,316773100,2336747,0.599988,-,6225819.0,USD
XLF,State StreetÂź Financial Select Sector SPDRÂź ETF,2026-04-16,COINBASE GLOBAL INC  CLASS A,COIN,19260Q107,BMC9P69,0.599959,-,1542789.0,USD
XLF,State StreetÂź Financial Select Sector SPDRÂź ETF,2026-04-16,METLIFE INC,MET,59156R108,2573209,0.571228,-,3807555.0,USD
XLF,State StreetÂź Financial Select Sector SPDRÂź ETF,2026-04-16,AMERICAN INTERNATIONAL GROUP,AIG,026874784,2027342,0.56498,-,3711501.0,USD
XLF,State StreetÂź Financial Select Sector SPDRÂź ETF,2026-04-16,AMERIPRISE FINANCIAL INC,AMP,03076C106,B0J7D57,0.564096,-,631530.0,USD
XLF,State StreetÂź Financial Select Sector SPDRÂź ETF,2026-04-16,MSCI INC,MSCI,55354G100,B2972D2,0.558749,-,508253.0,USD
XLF,State StreetÂź Financial Select Sector SPDRÂź ETF,2026-04-16,NASDAQ INC,NDAQ,631103108,2965107,0.537252,-,3106401.0,USD
XLF,State StreetÂź Financial Select Sector SPDRÂź ETF,2026-04-16,STATE STREET CORP,STT,857477103,2842040,0.533101,-,1930465.0,USD
XLF,State StreetÂź Financial Select Sector SPDRÂź ETF,2026-04-16,HARTFORD INSURANCE GROUP INC,HIG,416515104,2476193,0.519172,-,1929241.0,USD
XLF,State StreetÂź Financial Select Sector SPDRÂź ETF,2026-04-16,BLOCK INC,XYZ,852234103,BYNZGK1,0.506262,-,3788289.0,USD
XLF,State StreetÂź Financial Select Sector SPDRÂź ETF,2026-04-16,INTERACTIVE BROKERS GRO CL A,IBKR,45841N107,B1WT4X2,0.47588,-,3080689.0,USD
XLF,State StreetÂź Financial Select Sector SPDRÂź ETF,2026-04-16,PRUDENTIAL FINANCIAL INC,PRU,744320102,2819118,0.46744,-,2407225.0,USD
XLF,State StreetÂź Financial Select Sector SPDRÂź ETF,2026-04-16,ARCH CAPITAL GROUP LTD,ACGL,G0450A105,2740542,0.467257,-,2472698.0,USD
XLF,State StreetÂź Financial Select Sector SPDRÂź ETF,2026-04-16,HUNTINGTON BANCSHARES INC,HBAN,446150104,2445966,0.45276,-,14040425.0,USD
XLF,State StreetÂź Financial Select Sector SPDRÂź ETF,2026-04-16,FISERV INC,FISV,337738108,2342034,0.452087,-,3720434.0,USD
XLF,State StreetÂź Financial Select Sector SPDRÂź ETF,2026-04-16,M + T BANK CORP,MTB,55261F104,2340168,0.443439,-,1050288.0,USD
XLF,State StreetÂź Financial Select Sector SPDRÂź ETF,2026-04-16,CBOE GLOBAL MARKETS INC,CBOE,12503M108,B5834C5,0.435829,-,723866.0,USD
XLF,State StreetÂź Financial Select Sector SPDRÂź ETF,2026-04-16,NORTHERN TRUST CORP,NTRS,665859104,2648668,0.393221,-,1288869.0,USD
XLF,State StreetÂź Financial Select Sector SPDRÂź ETF,2026-04-16,WILLIS TOWERS WATSON PLC,WTW,G96629103,BDB6Q21,0.37862,-,657651.0,USD
XLF,State StreetÂź Financial Select Sector SPDRÂź ETF,2026-04-16,CITIZENS FINANCIAL GROUP,CFG,174610105,BQRX1X3,0.368481,-,2939652.0,USD
XLF,State StreetÂź Financial Select Sector SPDRÂź ETF,2026-04-16,RAYMOND JAMES FINANCIAL INC,RJF,754730109,2718992,0.356225,-,1213346.0,USD
XLF,State StreetÂź Financial Select Sector SPDRÂź ETF,2026-04-16,SYNCHRONY FINANCIAL,SYF,87165B103,BP96PS6,0.351741,-,2404432.0,USD
XLF,State StreetÂź Financial Select Sector SPDRÂź ETF,2026-04-16,CINCINNATI FINANCIAL CORP,CINF,172062101,2196888,0.343112,-,1079257.0,USD
XLF,State StreetÂź Financial Select Sector SPDRÂź ETF,2026-04-16,FIDELITY NATIONAL INFO SERV,FIS,31620M106,2769796,0.33894,-,3582139.0,USD
XLF,State StreetÂź Financial Select Sector SPDRÂź ETF,2026-04-16,REGIONS FINANCIAL CORP,RF,7591EP100,B01R311,0.326239,-,6004197.0,USD
XLF,State StreetÂź Financial Select Sector SPDRÂź ETF,2026-04-16,ARES MANAGEMENT CORP   A,ARES,03990B101,BF14BT1,0.322301,-,1425002.0,USD
XLF,State StreetÂź Financial Select Sector SPDRÂź ETF,2026-04-16,CORPAY INC,CPAY,219948106,BMX5GK7,0.312755,-,483960.0,USD
XLF,State StreetÂź Financial Select Sector SPDRÂź ETF,2026-04-16,T ROWE PRICE GROUP INC,TROW,74144T108,2702337,0.281773,-,1512149.0,USD
XLF,State StreetÂź Financial Select Sector SPDRÂź ETF,2026-04-16,KEYCORP,KEY,493267108,2490911,0.273349,-,6481754.0,USD
XLF,State StreetÂź Financial Select Sector SPDRÂź ETF,2026-04-16,BROWN + BROWN INC,BRO,115236101,2692687,0.271224,-,2025110.0,USD
XLF,State StreetÂź Financial Select Sector SPDRÂź ETF,2026-04-16,WR BERKLEY CORP,WRB,084423102,2093644,0.265811,-,2061062.0,USD
XLF,State StreetÂź Financial Select Sector SPDRÂź ETF,2026-04-16,PRINCIPAL FINANCIAL GROUP,PFG,74251V102,2803014,0.250282,-,1368447.0,USD
XLF,State StreetÂź Financial Select Sector SPDRÂź ETF,2026-04-16,LOEWS CORP,L,540424108,2523022,0.249819,-,1168691.0,USD
XLF,State StreetÂź Financial Select Sector SPDRÂź ETF,2026-04-16,GLOBAL PAYMENTS INC,GPN,37940X102,2712013,0.226949,-,1646208.0,USD
XLF,State StreetÂź Financial Select Sector SPDRÂź ETF,2026-04-16,EVEREST GROUP LTD,EG,G3223R108,2556868,0.188677,-,281500.0,USD
XLF,State StreetÂź Financial Select Sector SPDRÂź ETF,2026-04-16,GLOBE LIFE INC,GL,37959E102,BK6YKG1,0.160401,-,550653.0,USD
XLF,State StreetÂź Financial Select Sector SPDRÂź ETF,2026-04-16,ASSURANT INC,AIZ,04621X108,2331430,0.151457,-,346432.0,USD
XLF,State StreetÂź Financial Select Sector SPDRÂź ETF,2026-04-16,JACK HENRY + ASSOCIATES INC,JKHY,426281101,2469193,0.149755,-,499196.0,USD
XLF,State StreetÂź Financial Select Sector SPDRÂź ETF,2026-04-16,INVESCO LTD,IVZ,G491BT108,B28XP76,0.143507,-,3071260.0,USD
XLF,State StreetÂź Financial Select Sector SPDRÂź ETF,2026-04-16,FACTSET RESEARCH SYSTEMS INC,FDS,303075105,2329770,0.115791,-,256627.0,USD
XLF,State StreetÂź Financial Select Sector SPDRÂź ETF,2026-04-16,FRANKLIN RESOURCES INC,BEN,354613101,2350684,0.109816,-,2125367.0,USD
XLF,State StreetÂź Financial Select Sector SPDRÂź ETF,2026-04-16,SSI US GOV MONEY MARKET CLASS,-,924QSGII3,-,0.104714,-,53807162.77,USD
XLF,State StreetÂź Financial Select Sector SPDRÂź ETF,2026-04-16,ERIE INDEMNITY COMPANY CL A,ERIE,29530P102,2311711,0.082504,-,175715.0,USD
XLF,State StreetÂź Financial Select Sector SPDRÂź ETF,2026-04-16,XAF FINANCIAL     JUN26,IXAM6,ADI38TJD7,-,0.007348,-,93750.0,USD
XLF,State StreetÂź Financial Select Sector SPDRÂź ETF,2026-04-16,POUND STERLING,-,999GBPZ94,-,1e-06,-,407.0,GBP
XLF,State StreetÂź Financial Select Sector SPDRÂź ETF,2026-04-16,US DOLLAR,-,999USDZ92,-,-0.000415,-,-213292.69,USD
XLI,State StreetÂź Industrial Select Sector SPDRÂź ETF,2026-04-20,CATERPILLAR INC,CAT,149123101,2180201,6.85433,-,2640655.0,USD
XLI,State StreetÂź Industrial Select Sector SPDRÂź ETF,2026-04-20,GENERAL ELECTRIC,GE,369604301,BL59CR9,5.875319,-,5952465.0,USD
XLI,State StreetÂź Industrial Select Sector SPDRÂź ETF,2026-04-20,GE VERNOVA INC,GEV,36828A101,BP6H4Y1,4.924306,-,1529671.0,USD
XLI,State StreetÂź Industrial Select Sector SPDRÂź ETF,2026-04-20,RTX CORP,RTX,75513E101,BM5M5Y3,4.849149,-,7618022.0,USD
XLI,State StreetÂź Industrial Select Sector SPDRÂź ETF,2026-04-20,BOEING CO/THE,BA,097023105,2108601,3.261644,-,4457248.0,USD
XLI,State StreetÂź Industrial Select Sector SPDRÂź ETF,2026-04-20,UBER TECHNOLOGIES INC,UBER,90353T100,BK6N347,2.942748,-,11680854.0,USD
XLI,State StreetÂź Industrial Select Sector SPDRÂź ETF,2026-04-20,EATON CORP PLC,ETN,G29183103,B8KQN82,2.920879,-,2204340.0,USD
XLI,State StreetÂź Industrial Select Sector SPDRÂź ETF,2026-04-20,DEERE + CO,DE,244199105,2261203,2.765469,-,1430769.0,USD
XLI,State StreetÂź Industrial Select Sector SPDRÂź ETF,2026-04-20,UNION PACIFIC CORP,UNP,907818108,2914734,2.761138,-,3367787.0,USD
XLI,State StreetÂź Industrial Select Sector SPDRÂź ETF,2026-04-20,HONEYWELL INTERNATIONAL INC,HON,438516106,2020459,2.691382,-,3603345.0,USD
XLI,State StreetÂź Industrial Select Sector SPDRÂź ETF,2026-04-20,PARKER HANNIFIN CORP,PH,701094104,2671501,2.320531,-,716314.0,USD
XLI,State StreetÂź Industrial Select Sector SPDRÂź ETF,2026-04-20,VERTIV HOLDINGS CO A,VRT,92537N108,BL3LWS8,2.219403,-,2171236.0,USD
XLI,State StreetÂź Industrial Select Sector SPDRÂź ETF,2026-04-20,LOCKHEED MARTIN CORP,LMT,539830109,2522096,2.171683,-,1149154.0,USD
XLI,State StreetÂź Industrial Select Sector SPDRÂź ETF,2026-04-20,TRANE TECHNOLOGIES PLC,TT,G8994E103,BK9ZQ96,1.949056,-,1256188.0,USD
XLI,State StreetÂź Industrial Select Sector SPDRÂź ETF,2026-04-20,HOWMET AEROSPACE INC,HWM,443201108,BKLJ8V2,1.891147,-,2275609.0,USD
XLI,State StreetÂź Industrial Select Sector SPDRÂź ETF,2026-04-20,QUANTA SERVICES INC,PWR,74762E102,2150204,1.66453,-,846301.0,USD
XLI,State StreetÂź Industrial Select Sector SPDRÂź ETF,2026-04-20,CUMMINS INC,CMI,231021106,2240202,1.623081,-,784213.0,USD
XLI,State StreetÂź Industrial Select Sector SPDRÂź ETF,2026-04-20,NORTHROP GRUMMAN CORP,NOC,666807102,2648806,1.617229,-,757158.0,USD
XLI,State StreetÂź Industrial Select Sector SPDRÂź ETF,2026-04-20,JOHNSON CONTROLS INTERNATION,JCI,G51502105,BY7QL61,1.592219,-,3473862.0,USD
XLI,State StreetÂź Industrial Select Sector SPDRÂź ETF,2026-04-20,FEDEX CORP,FDX,31428X106,2142784,1.571627,-,1227680.0,USD
XLI,State StreetÂź Industrial Select Sector SPDRÂź ETF,2026-04-20,GENERAL DYNAMICS CORP,GD,369550108,2365161,1.555358,-,1440378.0,USD
XLI,State StreetÂź Industrial Select Sector SPDRÂź ETF,2026-04-20,WASTE MANAGEMENT INC,WM,94106L109,2937667,1.534923,-,2105993.0,USD
XLI,State StreetÂź Industrial Select Sector SPDRÂź ETF,2026-04-20,EMERSON ELECTRIC CO,EMR,291011104,2313405,1.522063,-,3189794.0,USD
XLI,State StreetÂź Industrial Select Sector SPDRÂź ETF,2026-04-20,AUTOMATIC DATA PROCESSING,ADP,053015103,2065308,1.503698,-,2285276.0,USD
XLI,State StreetÂź Industrial Select Sector SPDRÂź ETF,2026-04-20,CSX CORP,CSX,126408103,2160753,1.499816,-,10554176.0,USD
XLI,State StreetÂź Industrial Select Sector SPDRÂź ETF,2026-04-20,3M CO,MMM,88579Y101,2595708,1.471414,-,2989347.0,USD
XLI,State StreetÂź Industrial Select Sector SPDRÂź ETF,2026-04-20,UNITED PARCEL SERVICE CL B,UPS,911312106,2517382,1.460577,-,4194322.0,USD
XLI,State StreetÂź Industrial Select Sector SPDRÂź ETF,2026-04-20,TRANSDIGM GROUP INC,TDG,893641100,B11FJK3,1.328373,-,320558.0,USD
XLI,State StreetÂź Industrial Select Sector SPDRÂź ETF,2026-04-20,ILLINOIS TOOL WORKS,ITW,452308109,2457552,1.319626,-,1488555.0,USD
XLI,State StreetÂź Industrial Select Sector SPDRÂź ETF,2026-04-20,NORFOLK SOUTHERN CORP,NSC,655844108,2641894,1.260274,-,1274597.0,USD
XLI,State StreetÂź Industrial Select Sector SPDRÂź ETF,2026-04-20,PACCAR INC,PCAR,693718108,2665861,1.243986,-,2982099.0,USD
XLI,State StreetÂź Industrial Select Sector SPDRÂź ETF,2026-04-20,L3HARRIS TECHNOLOGIES INC,LHX,502431109,BK9DTN5,1.201375,-,1060122.0,USD
XLI,State StreetÂź Industrial Select Sector SPDRÂź ETF,2026-04-20,CINTAS CORP,CTAS,172908105,2197137,1.120782,-,1929249.0,USD
XLI,State StreetÂź Industrial Select Sector SPDRÂź ETF,2026-04-20,COMFORT SYSTEMS USA INC,FIX,199908104,2036047,1.090856,-,199711.0,USD
XLI,State StreetÂź Industrial Select Sector SPDRÂź ETF,2026-04-20,AMETEK INC,AME,031100100,2089212,1.005973,-,1306577.0,USD
XLI,State StreetÂź Industrial Select Sector SPDRÂź ETF,2026-04-20,FASTENAL CO,FAST,311900104,2332262,0.965292,-,6516917.0,USD
XLI,State StreetÂź Industrial Select Sector SPDRÂź ETF,2026-04-20,UNITED RENTALS INC,URI,911363109,2134781,0.944205,-,357547.0,USD
XLI,State StreetÂź Industrial Select Sector SPDRÂź ETF,2026-04-20,WW GRAINGER INC,GWW,384802104,2380863,0.93878,-,248264.0,USD
XLI,State StreetÂź Industrial Select Sector SPDRÂź ETF,2026-04-20,CARRIER GLOBAL CORP,CARR,14448C104,BK4N0D7,0.893826,-,4459512.0,USD
XLI,State StreetÂź Industrial Select Sector SPDRÂź ETF,2026-04-20,ROCKWELL AUTOMATION INC,ROK,773903109,2754060,0.85773,-,637723.0,USD
XLI,State StreetÂź Industrial Select Sector SPDRÂź ETF,2026-04-20,DELTA AIR LINES INC,DAL,247361702,B1W9D46,0.853588,-,3687012.0,USD
XLI,State StreetÂź Industrial Select Sector SPDRÂź ETF,2026-04-20,WABTEC CORP,WAB,929740108,2955733,0.83155,-,967886.0,USD
XLI,State StreetÂź Industrial Select Sector SPDRÂź ETF,2026-04-20,REPUBLIC SERVICES INC,RSG,760759100,2262530,0.774002,-,1142108.0,USD
XLI,State StreetÂź Industrial Select Sector SPDRÂź ETF,2026-04-20,OLD DOMINION FREIGHT LINE,ODFL,679580100,2656423,0.758522,-,1044458.0,USD
XLI,State StreetÂź Industrial Select Sector SPDRÂź ETF,2026-04-20,EMCOR GROUP INC,EME,29084Q100,2474164,0.686639,-,254119.0,USD
XLI,State StreetÂź Industrial Select Sector SPDRÂź ETF,2026-04-20,UNITED AIRLINES HOLDINGS INC,UAL,910047109,B4QG225,0.590364,-,1835891.0,USD
XLI,State StreetÂź Industrial Select Sector SPDRÂź ETF,2026-04-20,AXON ENTERPRISE INC,AXON,05464C101,BDT5S35,0.58799,-,447945.0,USD
XLI,State StreetÂź Industrial Select Sector SPDRÂź ETF,2026-04-20,OTIS WORLDWIDE CORP,OTIS,68902V107,BK531S8,0.579129,-,2206520.0,USD
XLI,State StreetÂź Industrial Select Sector SPDRÂź ETF,2026-04-20,INGERSOLL RAND INC,IR,45687V106,BL5GZ82,0.564937,-,2020311.0,USD
XLI,State StreetÂź Industrial Select Sector SPDRÂź ETF,2026-04-20,PAYCHEX INC,PAYX,704326107,2674458,0.555001,-,1833825.0,USD
XLI,State StreetÂź Industrial Select Sector SPDRÂź ETF,2026-04-20,COPART INC,CPRT,217204106,2208073,0.554841,-,5055137.0,USD
XLI,State StreetÂź Industrial Select Sector SPDRÂź ETF,2026-04-20,DOVER CORP,DOV,260003108,2278407,0.552254,-,765506.0,USD
XLI,State StreetÂź Industrial Select Sector SPDRÂź ETF,2026-04-20,XYLEM INC,XYL,98419M100,B3P2CN8,0.54151,-,1382709.0,USD
XLI,State StreetÂź Industrial Select Sector SPDRÂź ETF,2026-04-20,HUBBELL INC,HUBB,443510607,BDFG6S3,0.535844,-,301738.0,USD
XLI,State StreetÂź Industrial Select Sector SPDRÂź ETF,2026-04-20,VERISK ANALYTICS INC,VRSK,92345Y106,B4P9W92,0.461632,-,789940.0,USD
XLI,State StreetÂź Industrial Select Sector SPDRÂź ETF,2026-04-20,EQUIFAX INC,EFX,294429105,2319146,0.440255,-,682370.0,USD
XLI,State StreetÂź Industrial Select Sector SPDRÂź ETF,2026-04-20,VERALTO CORP,VLTO,92338C103,BPGMZQ5,0.413062,-,1407159.0,USD
XLI,State StreetÂź Industrial Select Sector SPDRÂź ETF,2026-04-20,C.H. ROBINSON WORLDWIDE INC,CHRW,12541W209,2116228,0.402036,-,672252.0,USD
XLI,State StreetÂź Industrial Select Sector SPDRÂź ETF,2026-04-20,SOUTHWEST AIRLINES CO,LUV,844741108,2831543,0.378587,-,2784507.0,USD
XLI,State StreetÂź Industrial Select Sector SPDRÂź ETF,2026-04-20,SNAP ON INC,SNA,833034101,2818740,0.370026,-,294202.0,USD
XLI,State StreetÂź Industrial Select Sector SPDRÂź ETF,2026-04-20,EXPEDITORS INTL WASH INC,EXPD,302130109,2325507,0.368691,-,759522.0,USD
XLI,State StreetÂź Industrial Select Sector SPDRÂź ETF,2026-04-20,LEIDOS HOLDINGS INC,LDOS,525327102,BDV82B8,0.364719,-,724600.0,USD
XLI,State StreetÂź Industrial Select Sector SPDRÂź ETF,2026-04-20,FORTIVE CORP,FTV,34959J108,BYT3MK1,0.352096,-,1776285.0,USD
XLI,State StreetÂź Industrial Select Sector SPDRÂź ETF,2026-04-20,BROADRIDGE FINANCIAL SOLUTIO,BR,11133T103,B1VP7R6,0.34693,-,661651.0,USD
XLI,State StreetÂź Industrial Select Sector SPDRÂź ETF,2026-04-20,HUNT (JB) TRANSPRT SVCS INC,JBHT,445658107,2445416,0.34647,-,423567.0,USD
XLI,State StreetÂź Industrial Select Sector SPDRÂź ETF,2026-04-20,ROLLINS INC,ROL,775711104,2747305,0.296861,-,1663214.0,USD
XLI,State StreetÂź Industrial Select Sector SPDRÂź ETF,2026-04-20,TEXTRON INC,TXT,883203101,2885937,0.293628,-,987061.0,USD
XLI,State StreetÂź Industrial Select Sector SPDRÂź ETF,2026-04-20,LENNOX INTERNATIONAL INC,LII,526107107,2442053,0.290171,-,180871.0,USD
XLI,State StreetÂź Industrial Select Sector SPDRÂź ETF,2026-04-20,IDEX CORP,IEX,45167R104,2456612,0.284581,-,424177.0,USD
XLI,State StreetÂź Industrial Select Sector SPDRÂź ETF,2026-04-20,HUNTINGTON INGALLS INDUSTRIE,HII,446413106,B40SSC9,0.283581,-,222407.0,USD
XLI,State StreetÂź Industrial Select Sector SPDRÂź ETF,2026-04-20,JACOBS SOLUTIONS INC,J,46982L108,BNGC0D3,0.278873,-,665612.0,USD
XLI,State StreetÂź Industrial Select Sector SPDRÂź ETF,2026-04-20,NORDSON CORP,NDSN,655663102,2641838,0.276022,-,299917.0,USD
XLI,State StreetÂź Industrial Select Sector SPDRÂź ETF,2026-04-20,PENTAIR PLC,PNR,G7S00T104,BLS09M3,0.272675,-,927469.0,USD
XLI,State StreetÂź Industrial Select Sector SPDRÂź ETF,2026-04-20,MASCO CORP,MAS,574599106,2570200,0.25017,-,1154004.0,USD
XLI,State StreetÂź Industrial Select Sector SPDRÂź ETF,2026-04-20,GENERAC HOLDINGS INC,GNRC,368736104,B6197Q2,0.23492,-,332589.0,USD
XLI,State StreetÂź Industrial Select Sector SPDRÂź ETF,2026-04-20,ALLEGION PLC,ALLE,G0176J109,BFRT3W7,0.230068,-,487636.0,USD
XLI,State StreetÂź Industrial Select Sector SPDRÂź ETF,2026-04-20,STANLEY BLACK + DECKER INC,SWK,854502101,B3Q2FJ4,0.214361,-,877721.0,USD
XLI,State StreetÂź Industrial Select Sector SPDRÂź ETF,2026-04-20,BUILDERS FIRSTSOURCE INC,BLDR,12008R107,B0BV2M7,0.186053,-,626669.0,USD
XLI,State StreetÂź Industrial Select Sector SPDRÂź ETF,2026-04-20,SMITH (A.O.) CORP,AOS,831865209,2816023,0.135887,-,637151.0,USD
XLI,State StreetÂź Industrial Select Sector SPDRÂź ETF,2026-04-20,SSI US GOV MONEY MARKET CLASS,-,924QSGII3,-,0.040598,-,12487391.68,USD
XLI,State StreetÂź Industrial Select Sector SPDRÂź ETF,2026-04-20,XAI EMINI INDUSTR JUN26,IXIM6,ADI38RQW1,-,0.003383,-,10000.0,USD
XLI,State StreetÂź Industrial Select Sector SPDRÂź ETF,2026-04-20,US DOLLAR,-,999USDZ92,-,-0.00061,-,-187489.67,USD
XLK,State StreetÂź Technology Select Sector SPDRÂź ETF,2026-04-16,NVIDIA CORP,NVDA,67066G104,2379504,15.418212,-,76098138.0,USD
XLK,State StreetÂź Technology Select Sector SPDRÂź ETF,2026-04-16,APPLE INC,AAPL,037833100,2046251,12.370045,-,45975633.0,USD
XLK,State StreetÂź Technology Select Sector SPDRÂź ETF,2026-04-16,MICROSOFT CORP,MSFT,594918104,2588173,9.982691,-,23254221.0,USD
XLK,State StreetÂź Technology Select Sector SPDRÂź ETF,2026-04-16,BROADCOM INC,AVGO,11135F101,BDZ78H9,6.043459,-,14847801.0,USD
XLK,State StreetÂź Technology Select Sector SPDRÂź ETF,2026-04-16,MICRON TECHNOLOGY INC,MU,595112103,2588184,4.009456,-,8584658.0,USD
XLK,State StreetÂź Technology Select Sector SPDRÂź ETF,2026-04-16,ADVANCED MICRO DEVICES,AMD,007903107,2007849,3.534689,-,12435769.0,USD
XLK,State StreetÂź Technology Select Sector SPDRÂź ETF,2026-04-16,CISCO SYSTEMS INC,CSCO,17275R102,2198163,2.601232,-,30136620.0,USD
XLK,State StreetÂź Technology Select Sector SPDRÂź ETF,2026-04-16,PALANTIR TECHNOLOGIES INC A,PLTR,69608A108,BN78DQ4,2.540799,-,17423522.0,USD
XLK,State StreetÂź Technology Select Sector SPDRÂź ETF,2026-04-16,LAM RESEARCH CORP,LRCX,512807306,BSML4N7,2.538969,-,9524796.0,USD
XLK,State StreetÂź Technology Select Sector SPDRÂź ETF,2026-04-16,INTEL CORP,INTC,458140100,2463247,2.50587,-,35812951.0,USD
XLK,State StreetÂź Technology Select Sector SPDRÂź ETF,2026-04-16,APPLIED MATERIALS INC,AMAT,038222105,2046552,2.411149,-,6054008.0,USD
XLK,State StreetÂź Technology Select Sector SPDRÂź ETF,2026-04-16,ORACLE CORP,ORCL,68389X105,2661568,2.356156,-,12933843.0,USD
XLK,State StreetÂź Technology Select Sector SPDRÂź ETF,2026-04-16,INTL BUSINESS MACHINES CORP,IBM,459200101,2005973,1.827951,-,7129567.0,USD
XLK,State StreetÂź Technology Select Sector SPDRÂź ETF,2026-04-16,KLA CORP,KLAC,482480100,2480138,1.771773,-,999812.0,USD
XLK,State StreetÂź Technology Select Sector SPDRÂź ETF,2026-04-16,TEXAS INSTRUMENTS INC,TXN,882508104,2885409,1.577511,-,6922215.0,USD
XLK,State StreetÂź Technology Select Sector SPDRÂź ETF,2026-04-16,AMPHENOL CORP CL A,APH,032095101,2145084,1.426602,-,9375739.0,USD
XLK,State StreetÂź Technology Select Sector SPDRÂź ETF,2026-04-16,ANALOG DEVICES INC,ADI,032654105,2032067,1.346941,-,3727030.0,USD
XLK,State StreetÂź Technology Select Sector SPDRÂź ETF,2026-04-16,SALESFORCE INC,CRM,79466L302,2310525,1.322972,-,7146884.0,USD
XLK,State StreetÂź Technology Select Sector SPDRÂź ETF,2026-04-16,ARISTA NETWORKS INC,ANET,040413205,BL9XPM3,1.295365,-,7876104.0,USD
XLK,State StreetÂź Technology Select Sector SPDRÂź ETF,2026-04-16,QUALCOMM INC,QCOM,747525103,2714923,1.117885,-,8138495.0,USD
XLK,State StreetÂź Technology Select Sector SPDRÂź ETF,2026-04-16,SANDISK CORP,SNDK,80004C200,BSNPZV3,1.057396,-,1125829.0,USD
XLK,State StreetÂź Technology Select Sector SPDRÂź ETF,2026-04-16,PALO ALTO NETWORKS INC,PANW,697435105,B87ZMX0,1.051214,-,6163465.0,USD
XLK,State StreetÂź Technology Select Sector SPDRÂź ETF,2026-04-16,CORNING INC,GLW,219350105,2224701,1.010238,-,5954954.0,USD
XLK,State StreetÂź Technology Select Sector SPDRÂź ETF,2026-04-16,APPLOVIN CORP CLASS A,APP,03831W108,BMV3LG4,0.984125,-,2067058.0,USD
XLK,State StreetÂź Technology Select Sector SPDRÂź ETF,2026-04-16,WESTERN DIGITAL CORP,WDC,958102105,2954699,0.955394,-,2585940.0,USD
XLK,State StreetÂź Technology Select Sector SPDRÂź ETF,2026-04-16,ACCENTURE PLC CL A,ACN,G1151C101,B4BNMY3,0.930034,-,4693202.0,USD
XLK,State StreetÂź Technology Select Sector SPDRÂź ETF,2026-04-16,SEAGATE TECHNOLOGY HOLDINGS,STX,G7997R103,BKVD2N4,0.903531,-,1663255.0,USD
XLK,State StreetÂź Technology Select Sector SPDRÂź ETF,2026-04-16,INTUIT INC,INTU,461202103,2459020,0.839287,-,2122502.0,USD
XLK,State StreetÂź Technology Select Sector SPDRÂź ETF,2026-04-16,CROWDSTRIKE HOLDINGS INC   A,CRWD,22788C105,BJJP138,0.821385,-,1922804.0,USD
XLK,State StreetÂź Technology Select Sector SPDRÂź ETF,2026-04-16,ADOBE INC,ADBE,00724F101,2008154,0.793666,-,3131027.0,USD
XLK,State StreetÂź Technology Select Sector SPDRÂź ETF,2026-04-16,SERVICENOW INC,NOW,81762P102,B80NXX8,0.785946,-,7978249.0,USD
XLK,State StreetÂź Technology Select Sector SPDRÂź ETF,2026-04-16,SYNOPSYS INC,SNPS,871607107,2867719,0.657555,-,1459211.0,USD
XLK,State StreetÂź Technology Select Sector SPDRÂź ETF,2026-04-16,CADENCE DESIGN SYS INC,CDNS,127387108,2302232,0.650978,-,2076141.0,USD
XLK,State StreetÂź Technology Select Sector SPDRÂź ETF,2026-04-16,MOTOROLA SOLUTIONS INC,MSI,620076307,B5BKPQ4,0.57364,-,1263511.0,USD
XLK,State StreetÂź Technology Select Sector SPDRÂź ETF,2026-04-16,CIENA CORP,CIEN,171779309,B1FLZ21,0.543432,-,1074392.0,USD
XLK,State StreetÂź Technology Select Sector SPDRÂź ETF,2026-04-16,TE CONNECTIVITY PLC,TEL,G87052109,BRC3N84,0.540634,-,2238110.0,USD
XLK,State StreetÂź Technology Select Sector SPDRÂź ETF,2026-04-16,MONOLITHIC POWER SYSTEMS INC,MPWR,609839105,B01Z7J1,0.532364,-,371520.0,USD
XLK,State StreetÂź Technology Select Sector SPDRÂź ETF,2026-04-16,LUMENTUM HOLDINGS INC,LITE,55024U109,BYM9ZP2,0.49578,-,544598.0,USD
XLK,State StreetÂź Technology Select Sector SPDRÂź ETF,2026-04-16,COHERENT CORP,COHR,19247G107,BNG8Z81,0.479116,-,1430009.0,USD
XLK,State StreetÂź Technology Select Sector SPDRÂź ETF,2026-04-16,DELL TECHNOLOGIES  C,DELL,24703L202,BHKD3S6,0.447091,-,2266777.0,USD
XLK,State StreetÂź Technology Select Sector SPDRÂź ETF,2026-04-16,TERADYNE INC,TER,880770102,2884183,0.446487,-,1194524.0,USD
XLK,State StreetÂź Technology Select Sector SPDRÂź ETF,2026-04-16,KEYSIGHT TECHNOLOGIES IN,KEYS,49338L103,BQZJ0Q9,0.440961,-,1308312.0,USD
XLK,State StreetÂź Technology Select Sector SPDRÂź ETF,2026-04-16,NXP SEMICONDUCTORS NV,NXPI,N6596X109,B505PN7,0.419092,-,1919626.0,USD
XLK,State StreetÂź Technology Select Sector SPDRÂź ETF,2026-04-16,FORTINET INC,FTNT,34959E109,B5B2106,0.405808,-,4821319.0,USD
XLK,State StreetÂź Technology Select Sector SPDRÂź ETF,2026-04-16,AUTODESK INC,ADSK,052769106,2065159,0.401643,-,1617038.0,USD
XLK,State StreetÂź Technology Select Sector SPDRÂź ETF,2026-04-16,MICROCHIP TECHNOLOGY INC,MCHP,595017104,2592174,0.324094,-,4127493.0,USD
XLK,State StreetÂź Technology Select Sector SPDRÂź ETF,2026-04-16,DATADOG INC   CLASS A,DDOG,23804L103,BKT9Y49,0.315796,-,2503904.0,USD
XLK,State StreetÂź Technology Select Sector SPDRÂź ETF,2026-04-16,ROPER TECHNOLOGIES INC,ROP,776696106,2749602,0.300551,-,813066.0,USD
XLK,State StreetÂź Technology Select Sector SPDRÂź ETF,2026-04-16,HEWLETT PACKARD ENTERPRISE,HPE,42824C109,BYVYWS0,0.268039,-,10135352.0,USD
XLK,State StreetÂź Technology Select Sector SPDRÂź ETF,2026-04-16,JABIL INC,JBL,466313103,2471789,0.255148,-,805496.0,USD
XLK,State StreetÂź Technology Select Sector SPDRÂź ETF,2026-04-16,ON SEMICONDUCTOR,ON,682189105,2583576,0.245378,-,3005371.0,USD
XLK,State StreetÂź Technology Select Sector SPDRÂź ETF,2026-04-16,TELEDYNE TECHNOLOGIES INC,TDY,879360105,2503477,0.232578,-,358136.0,USD
XLK,State StreetÂź Technology Select Sector SPDRÂź ETF,2026-04-16,COGNIZANT TECH SOLUTIONS A,CTSH,192446102,2257019,0.225546,-,3647850.0,USD
XLK,State StreetÂź Technology Select Sector SPDRÂź ETF,2026-04-16,QNITY ELECTRONICS INC,Q,74743L100,BW1P234,0.214271,-,1597611.0,USD
XLK,State StreetÂź Technology Select Sector SPDRÂź ETF,2026-04-16,WORKDAY INC CLASS A,WDAY,98138H101,B8K6ZD1,0.207218,-,1624583.0,USD
XLK,State StreetÂź Technology Select Sector SPDRÂź ETF,2026-04-16,FAIR ISAAC CORP,FICO,303250104,2330299,0.197744,-,180934.0,USD
XLK,State StreetÂź Technology Select Sector SPDRÂź ETF,2026-04-16,VERISIGN INC,VRSN,92343E102,2142922,0.176088,-,629492.0,USD
XLK,State StreetÂź Technology Select Sector SPDRÂź ETF,2026-04-16,FIRST SOLAR INC,FSLR,336433107,B1HMF22,0.160243,-,818543.0,USD
XLK,State StreetÂź Technology Select Sector SPDRÂź ETF,2026-04-16,NETAPP INC,NTAP,64110D104,2630643,0.159986,-,1510632.0,USD
XLK,State StreetÂź Technology Select Sector SPDRÂź ETF,2026-04-16,HP INC,HPQ,40434L105,BYX4D52,0.14104,-,7001780.0,USD
XLK,State StreetÂź Technology Select Sector SPDRÂź ETF,2026-04-16,F5 INC,FFIV,315616102,2427599,0.13567,-,431141.0,USD
XLK,State StreetÂź Technology Select Sector SPDRÂź ETF,2026-04-16,CDW CORP/DE,CDW,12514G108,BBM5MD6,0.135225,-,993038.0,USD
XLK,State StreetÂź Technology Select Sector SPDRÂź ETF,2026-04-16,PTC INC,PTC,69370C100,B95N910,0.128203,-,907700.0,USD
XLK,State StreetÂź Technology Select Sector SPDRÂź ETF,2026-04-16,TRIMBLE INC,TRMB,896239100,2903958,0.12544,-,1814736.0,USD
XLK,State StreetÂź Technology Select Sector SPDRÂź ETF,2026-04-16,TYLER TECHNOLOGIES INC,TYL,902252105,2909644,0.113943,-,328235.0,USD
XLK,State StreetÂź Technology Select Sector SPDRÂź ETF,2026-04-16,SUPER MICRO COMPUTER INC,SMCI,86800U302,BRC3N73,0.111332,-,3837733.0,USD
XLK,State StreetÂź Technology Select Sector SPDRÂź ETF,2026-04-16,AKAMAI TECHNOLOGIES INC,AKAM,00971T101,2507457,0.108509,-,1097281.0,USD
XLK,State StreetÂź Technology Select Sector SPDRÂź ETF,2026-04-16,ZEBRA TECHNOLOGIES CORP CL A,ZBRA,989207105,2989356,0.089308,-,375173.0,USD
XLK,State StreetÂź Technology Select Sector SPDRÂź ETF,2026-04-16,GODADDY INC   CLASS A,GDDY,380237107,BWFRFC6,0.08872,-,1030793.0,USD
XLK,State StreetÂź Technology Select Sector SPDRÂź ETF,2026-04-16,GARTNER INC,IT,366651107,2372763,0.085374,-,537381.0,USD
XLK,State StreetÂź Technology Select Sector SPDRÂź ETF,2026-04-16,GEN DIGITAL INC,GEN,668771108,BJN4XN5,0.084939,-,4203885.0,USD
XLK,State StreetÂź Technology Select Sector SPDRÂź ETF,2026-04-16,SKYWORKS SOLUTIONS INC,SWKS,83088M102,2961053,0.06877,-,1146924.0,USD
XLK,State StreetÂź Technology Select Sector SPDRÂź ETF,2026-04-16,EPAM SYSTEMS INC,EPAM,29414B104,B44Z3T8,0.054586,-,421407.0,USD
XLK,State StreetÂź Technology Select Sector SPDRÂź ETF,2026-04-16,SSI US GOV MONEY MARKET CLASS,-,924QSGII3,-,0.045867,-,44902374.45,USD
XLK,State StreetÂź Technology Select Sector SPDRÂź ETF,2026-04-16,XAK TECHNOLOGY    JUN26,IXTM6,ADI38T3G7,-,0.008836,-,28500.0,USD
XLK,State StreetÂź Technology Select Sector SPDRÂź ETF,2026-04-16,US DOLLAR,-,999USDZ92,-,0.001145,-,1121181.24,USD
XLP,State StreetÂź Consumer Staples Select Sector SPDRÂź ETF,2026-04-20,WALMART INC,WMT,931142103,2936921,12.067849,-,13704979.0,USD
XLP,State StreetÂź Consumer Staples Select Sector SPDRÂź ETF,2026-04-20,COSTCO WHOLESALE CORP,COST,22160K105,2701271,9.53186,-,1387726.0,USD
XLP,State StreetÂź Consumer Staples Select Sector SPDRÂź ETF,2026-04-20,PROCTER + GAMBLE CO/THE,PG,742718109,2704407,7.226625,-,7265821.0,USD
XLP,State StreetÂź Consumer Staples Select Sector SPDRÂź ETF,2026-04-20,COCA COLA CO/THE,KO,191216100,2206657,6.288783,-,12103799.0,USD
XLP,State StreetÂź Consumer Staples Select Sector SPDRÂź ETF,2026-04-20,PHILIP MORRIS INTERNATIONAL,PM,718172109,B2PKRQ3,5.278116,-,4866845.0,USD
XLP,State StreetÂź Consumer Staples Select Sector SPDRÂź ETF,2026-04-20,MONDELEZ INTERNATIONAL INC A,MDLZ,609207105,B8CKK03,4.716891,-,11956729.0,USD
XLP,State StreetÂź Consumer Staples Select Sector SPDRÂź ETF,2026-04-20,PEPSICO INC,PEP,713448108,2681511,4.617323,-,4272728.0,USD
XLP,State StreetÂź Consumer Staples Select Sector SPDRÂź ETF,2026-04-20,ALTRIA GROUP INC,MO,02209S103,2692632,4.437575,-,9977757.0,USD
XLP,State StreetÂź Consumer Staples Select Sector SPDRÂź ETF,2026-04-20,COLGATE PALMOLIVE CO,CL,194162103,2209106,4.247246,-,7386724.0,USD
XLP,State StreetÂź Consumer Staples Select Sector SPDRÂź ETF,2026-04-20,TARGET CORP,TGT,87612E106,2259101,3.938768,-,4395448.0,USD
XLP,State StreetÂź Consumer Staples Select Sector SPDRÂź ETF,2026-04-20,MONSTER BEVERAGE CORP,MNST,61174X109,BZ07BW4,3.680585,-,6923374.0,USD
XLP,State StreetÂź Consumer Staples Select Sector SPDRÂź ETF,2026-04-20,KROGER CO,KR,501044101,2497406,2.641178,-,5651697.0,USD
XLP,State StreetÂź Consumer Staples Select Sector SPDRÂź ETF,2026-04-20,SYSCO CORP,SYY,871829107,2868165,2.440472,-,4649047.0,USD
XLP,State StreetÂź Consumer Staples Select Sector SPDRÂź ETF,2026-04-20,KEURIG DR PEPPER INC,KDP,49271V100,BD3W133,2.40567,-,13187947.0,USD
XLP,State StreetÂź Consumer Staples Select Sector SPDRÂź ETF,2026-04-20,KENVUE INC,KVUE,49177J102,BQ84ZQ6,2.250719,-,18598988.0,USD
XLP,State StreetÂź Consumer Staples Select Sector SPDRÂź ETF,2026-04-20,ARCHER DANIELS MIDLAND CO,ADM,039483102,2047317,2.195465,-,4664960.0,USD
XLP,State StreetÂź Consumer Staples Select Sector SPDRÂź ETF,2026-04-20,KIMBERLY CLARK CORP,KMB,494368103,2491839,2.185511,-,3222014.0,USD
XLP,State StreetÂź Consumer Staples Select Sector SPDRÂź ETF,2026-04-20,HERSHEY CO/THE,HSY,427866108,2422806,1.895505,-,1438323.0,USD
XLP,State StreetÂź Consumer Staples Select Sector SPDRÂź ETF,2026-04-20,DOLLAR GENERAL CORP,DG,256677105,B5B1S13,1.860008,-,2136725.0,USD
XLP,State StreetÂź Consumer Staples Select Sector SPDRÂź ETF,2026-04-20,CHURCH + DWIGHT CO INC,CHD,171340102,2195841,1.527015,-,2297619.0,USD
XLP,State StreetÂź Consumer Staples Select Sector SPDRÂź ETF,2026-04-20,CONSTELLATION BRANDS INC A,STZ,21036P108,2170473,1.499797,-,1363290.0,USD
XLP,State StreetÂź Consumer Staples Select Sector SPDRÂź ETF,2026-04-20,DOLLAR TREE INC,DLTR,256746108,2272476,1.325307,-,1795173.0,USD
XLP,State StreetÂź Consumer Staples Select Sector SPDRÂź ETF,2026-04-20,ESTEE LAUDER COMPANIES CL A,EL,518439104,2320524,1.286015,-,2399797.0,USD
XLP,State StreetÂź Consumer Staples Select Sector SPDRÂź ETF,2026-04-20,KRAFT HEINZ CO/THE,KHC,500754106,BYRY499,1.264862,-,8273353.0,USD
XLP,State StreetÂź Consumer Staples Select Sector SPDRÂź ETF,2026-04-20,GENERAL MILLS INC,GIS,370334104,2367026,1.257864,-,5179550.0,USD
XLP,State StreetÂź Consumer Staples Select Sector SPDRÂź ETF,2026-04-20,TYSON FOODS INC CL A,TSN,902494103,2909730,1.20004,-,2738091.0,USD
XLP,State StreetÂź Consumer Staples Select Sector SPDRÂź ETF,2026-04-20,BUNGE GLOBAL SA,BG,H11356104,BQ6BPG9,1.107557,-,1313889.0,USD
XLP,State StreetÂź Consumer Staples Select Sector SPDRÂź ETF,2026-04-20,CASEY S GENERAL STORES INC,CASY,147528103,2179414,0.961165,-,181706.0,USD
XLP,State StreetÂź Consumer Staples Select Sector SPDRÂź ETF,2026-04-20,MCCORMICK + CO NON VTG SHRS,MKC,579780206,2550161,0.895522,-,2461605.0,USD
XLP,State StreetÂź Consumer Staples Select Sector SPDRÂź ETF,2026-04-20,CLOROX COMPANY,CLX,189054109,2204026,0.825464,-,1173712.0,USD
XLP,State StreetÂź Consumer Staples Select Sector SPDRÂź ETF,2026-04-20,JM SMUCKER CO/THE,SJM,832696405,2951452,0.685408,-,1035695.0,USD
XLP,State StreetÂź Consumer Staples Select Sector SPDRÂź ETF,2026-04-20,MOLSON COORS BEVERAGE CO   B,TAP,60871R209,B067BM3,0.501048,-,1643466.0,USD
XLP,State StreetÂź Consumer Staples Select Sector SPDRÂź ETF,2026-04-20,CONAGRA BRANDS INC,CAG,205887102,2215460,0.474352,-,4643594.0,USD
XLP,State StreetÂź Consumer Staples Select Sector SPDRÂź ETF,2026-04-20,HORMEL FOODS CORP,HRL,440452100,2437264,0.415545,-,2830181.0,USD
XLP,State StreetÂź Consumer Staples Select Sector SPDRÂź ETF,2026-04-20,BROWN FORMAN CORP CLASS B,BF.B,115637209,2146838,0.334066,-,1658612.0,USD
XLP,State StreetÂź Consumer Staples Select Sector SPDRÂź ETF,2026-04-20,THE CAMPBELL S COMPANY,CPB,134429109,2162845,0.279526,-,1910056.0,USD
XLP,State StreetÂź Consumer Staples Select Sector SPDRÂź ETF,2026-04-20,SSI US GOV MONEY MARKET CLASS,-,924QSGII3,-,0.07649,-,11111965.74,USD
XLP,State StreetÂź Consumer Staples Select Sector SPDRÂź ETF,2026-04-20,US DOLLAR,-,999USDZ92,-,0.019484,-,2830556.94,USD
XLP,State StreetÂź Consumer Staples Select Sector SPDRÂź ETF,2026-04-20,XAP CONS STAPLES  JUN26,IXRM6,ADI37PTP8,-,0.000303,-,40300.0,USD
XLV,State StreetÂź Health Care Select Sector SPDRÂź ETF,2026-04-16,ELI LILLY + CO,LLY,532457108,2516152,13.557763,-,5768558.0,USD
XLV,State StreetÂź Health Care Select Sector SPDRÂź ETF,2026-04-16,JOHNSON + JOHNSON,JNJ,478160104,2475833,10.697583,-,17543313.0,USD
XLV,State StreetÂź Health Care Select Sector SPDRÂź ETF,2026-04-16,ABBVIE INC,ABBV,00287Y109,B92SR70,6.990796,-,12866012.0,USD
XLV,State StreetÂź Health Care Select Sector SPDRÂź ETF,2026-04-16,UNITEDHEALTH GROUP INC,UNH,91324P102,2917766,5.424449,-,6594199.0,USD
XLV,State StreetÂź Health Care Select Sector SPDRÂź ETF,2026-04-16,MERCK + CO. INC.,MRK,58933Y105,2778844,5.423845,-,18068353.0,USD
XLV,State StreetÂź Health Care Select Sector SPDRÂź ETF,2026-04-16,THERMO FISHER SCIENTIFIC INC,TMO,883556102,2886907,3.669171,-,2735024.0,USD
XLV,State StreetÂź Health Care Select Sector SPDRÂź ETF,2026-04-16,AMGEN INC,AMGN,031162100,2023607,3.560823,-,3919970.0,USD
XLV,State StreetÂź Health Care Select Sector SPDRÂź ETF,2026-04-16,GILEAD SCIENCES INC,GILD,375558103,2369174,3.253392,-,9031768.0,USD
XLV,State StreetÂź Health Care Select Sector SPDRÂź ETF,2026-04-16,ABBOTT LABORATORIES,ABT,002824100,2002305,3.141978,-,12658406.0,USD
XLV,State StreetÂź Health Care Select Sector SPDRÂź ETF,2026-04-16,INTUITIVE SURGICAL INC,ISRG,46120E602,2871301,3.078881,-,2585202.0,USD
XLV,State StreetÂź Health Care Select Sector SPDRÂź ETF,2026-04-16,PFIZER INC,PFE,717081103,2684703,2.929149,-,41390069.0,USD
XLV,State StreetÂź Health Care Select Sector SPDRÂź ETF,2026-04-16,DANAHER CORP,DHR,235851102,2250870,2.307416,-,4579941.0,USD
XLV,State StreetÂź Health Care Select Sector SPDRÂź ETF,2026-04-16,BRISTOL MYERS SQUIBB CO,BMY,110122108,2126335,2.272502,-,14824825.0,USD
XLV,State StreetÂź Health Care Select Sector SPDRÂź ETF,2026-04-16,STRYKER CORP,SYK,863667101,2853688,2.205768,-,2507252.0,USD
XLV,State StreetÂź Health Care Select Sector SPDRÂź ETF,2026-04-16,VERTEX PHARMACEUTICALS INC,VRTX,92532F100,2931034,2.094303,-,1849033.0,USD
XLV,State StreetÂź Health Care Select Sector SPDRÂź ETF,2026-04-16,MEDTRONIC PLC,MDT,G5960L103,BTN1Y11,2.078215,-,9332670.0,USD
XLV,State StreetÂź Health Care Select Sector SPDRÂź ETF,2026-04-16,MCKESSON CORP,MCK,58155Q103,2378534,2.010759,-,891689.0,USD
XLV,State StreetÂź Health Care Select Sector SPDRÂź ETF,2026-04-16,CVS HEALTH CORP,CVS,126650100,2577609,1.848984,-,9261289.0,USD
XLV,State StreetÂź Health Care Select Sector SPDRÂź ETF,2026-04-16,BOSTON SCIENTIFIC CORP,BSX,101137107,2113434,1.780087,-,10795875.0,USD
XLV,State StreetÂź Health Care Select Sector SPDRÂź ETF,2026-04-16,HCA HEALTHCARE INC,HCA,40412C101,B4MGBG6,1.430866,-,1139519.0,USD
XLV,State StreetÂź Health Care Select Sector SPDRÂź ETF,2026-04-16,REGENERON PHARMACEUTICALS,REGN,75886F107,2730190,1.423227,-,733801.0,USD
XLV,State StreetÂź Health Care Select Sector SPDRÂź ETF,2026-04-16,THE CIGNA GROUP,CI,125523100,BHJ0775,1.378119,-,1917956.0,USD
XLV,State StreetÂź Health Care Select Sector SPDRÂź ETF,2026-04-16,ELEVANCE HEALTH INC,ELV,036752103,BSPHGL4,1.319204,-,1606628.0,USD
XLV,State StreetÂź Health Care Select Sector SPDRÂź ETF,2026-04-16,CENCORA INC,COR,03073E105,2795393,1.186903,-,1416131.0,USD
XLV,State StreetÂź Health Care Select Sector SPDRÂź ETF,2026-04-16,ZOETIS INC,ZTS,98978V103,B95WG16,0.951061,-,3072971.0,USD
XLV,State StreetÂź Health Care Select Sector SPDRÂź ETF,2026-04-16,CARDINAL HEALTH INC,CAH,14149Y108,2175672,0.949077,-,1713014.0,USD
XLV,State StreetÂź Health Care Select Sector SPDRÂź ETF,2026-04-16,EDWARDS LIFESCIENCES CORP,EW,28176E108,2567116,0.868217,-,4224442.0,USD
XLV,State StreetÂź Health Care Select Sector SPDRÂź ETF,2026-04-16,IDEXX LABORATORIES INC,IDXX,45168D104,2459202,0.861382,-,581302.0,USD
XLV,State StreetÂź Health Care Select Sector SPDRÂź ETF,2026-04-16,BECTON DICKINSON AND CO,BDX,075887109,2087807,0.834326,-,2072773.0,USD
XLV,State StreetÂź Health Care Select Sector SPDRÂź ETF,2026-04-16,AGILENT TECHNOLOGIES INC,A,00846U101,2520153,0.633019,-,2059009.0,USD
XLV,State StreetÂź Health Care Select Sector SPDRÂź ETF,2026-04-16,GE HEALTHCARE TECHNOLOGY,GEHC,36266G107,BL6JPG8,0.631404,-,3317715.0,USD
XLV,State StreetÂź Health Care Select Sector SPDRÂź ETF,2026-04-16,RESMED INC,RMD,761152107,2732903,0.619607,-,1060516.0,USD
XLV,State StreetÂź Health Care Select Sector SPDRÂź ETF,2026-04-16,WATERS CORP,WAT,941848103,2937689,0.592247,-,714004.0,USD
XLV,State StreetÂź Health Care Select Sector SPDRÂź ETF,2026-04-16,IQVIA HOLDINGS INC,IQV,46266C105,BDR73G1,0.551958,-,1234659.0,USD
XLV,State StreetÂź Health Care Select Sector SPDRÂź ETF,2026-04-16,METTLER TOLEDO INTERNATIONAL,MTD,592688105,2126249,0.496616,-,147976.0,USD
XLV,State StreetÂź Health Care Select Sector SPDRÂź ETF,2026-04-16,BIOGEN INC,BIIB,09062X103,2455965,0.488897,-,1068312.0,USD
XLV,State StreetÂź Health Care Select Sector SPDRÂź ETF,2026-04-16,HUMANA INC,HUM,444859102,2445063,0.458185,-,877822.0,USD
XLV,State StreetÂź Health Care Select Sector SPDRÂź ETF,2026-04-16,DEXCOM INC,DXCM,252131107,B0796X4,0.446,-,2801649.0,USD
XLV,State StreetÂź Health Care Select Sector SPDRÂź ETF,2026-04-16,LABCORP HOLDINGS INC,LH,504922105,BSBK800,0.417926,-,603494.0,USD
XLV,State StreetÂź Health Care Select Sector SPDRÂź ETF,2026-04-16,STERIS PLC,STE,G8473T100,BFY8C75,0.40832,-,713971.0,USD
XLV,State StreetÂź Health Care Select Sector SPDRÂź ETF,2026-04-16,QUEST DIAGNOSTICS INC,DGX,74834L100,2702791,0.398596,-,800752.0,USD
XLV,State StreetÂź Health Care Select Sector SPDRÂź ETF,2026-04-16,WEST PHARMACEUTICAL SERVICES,WST,955306105,2950482,0.367367,-,523703.0,USD
XLV,State StreetÂź Health Care Select Sector SPDRÂź ETF,2026-04-16,MODERNA INC,MRNA,60770K107,BGSXTS3,0.359888,-,2531521.0,USD
XLV,State StreetÂź Health Care Select Sector SPDRÂź ETF,2026-04-16,ZIMMER BIOMET HOLDINGS INC,ZBH,98956P102,2783815,0.355506,-,1442689.0,USD
XLV,State StreetÂź Health Care Select Sector SPDRÂź ETF,2026-04-16,CENTENE CORP,CNC,15135B101,2807061,0.344833,-,3400847.0,USD
XLV,State StreetÂź Health Care Select Sector SPDRÂź ETF,2026-04-16,VIATRIS INC,VTRS,92556V106,BMWS3X9,0.305402,-,8384485.0,USD
XLV,State StreetÂź Health Care Select Sector SPDRÂź ETF,2026-04-16,INCYTE CORP,INCY,45337C102,2471950,0.301582,-,1216928.0,USD
XLV,State StreetÂź Health Care Select Sector SPDRÂź ETF,2026-04-16,INSULET CORP,PODD,45784P101,B1XGNW4,0.268241,-,512104.0,USD
XLV,State StreetÂź Health Care Select Sector SPDRÂź ETF,2026-04-16,COOPER COS INC/THE,COO,216648501,BQPDXR3,0.257338,-,1426634.0,USD
XLV,State StreetÂź Health Care Select Sector SPDRÂź ETF,2026-04-16,ALIGN TECHNOLOGY INC,ALGN,016255101,2679204,0.23368,-,485786.0,USD
XLV,State StreetÂź Health Care Select Sector SPDRÂź ETF,2026-04-16,SOLVENTUM CORP,SOLV,83444M101,BMTQB43,0.1922,-,1073254.0,USD
XLV,State StreetÂź Health Care Select Sector SPDRÂź ETF,2026-04-16,REVVITY INC,RVTY,714046109,2305844,0.191952,-,825290.0,USD
XLV,State StreetÂź Health Care Select Sector SPDRÂź ETF,2026-04-16,UNIVERSAL HEALTH SERVICES B,UHS,913903100,2923785,0.186854,-,402113.0,USD
XLV,State StreetÂź Health Care Select Sector SPDRÂź ETF,2026-04-16,BAXTER INTERNATIONAL INC,BAX,071813109,2085102,0.176636,-,3745285.0,USD
XLV,State StreetÂź Health Care Select Sector SPDRÂź ETF,2026-04-16,BIO TECHNE CORP,TECH,09073M104,BSHZ3Q0,0.169847,-,1138913.0,USD
XLV,State StreetÂź Health Care Select Sector SPDRÂź ETF,2026-04-16,CHARLES RIVER LABORATORIES,CRL,159864107,2604336,0.164814,-,358270.0,USD
XLV,State StreetÂź Health Care Select Sector SPDRÂź ETF,2026-04-16,HENRY SCHEIN INC,HSIC,806407102,2416962,0.14622,-,728409.0,USD
XLV,State StreetÂź Health Care Select Sector SPDRÂź ETF,2026-04-16,DAVITA INC,DVA,23918K108,2898087,0.093662,-,243200.0,USD
XLV,State StreetÂź Health Care Select Sector SPDRÂź ETF,2026-04-16,SSI US GOV MONEY MARKET CLASS,-,924QSGII3,-,0.075562,-,29063429.27,USD
XLV,State StreetÂź Health Care Select Sector SPDRÂź ETF,2026-04-16,US DOLLAR,-,999USDZ92,-,0.032946,-,12671817.25,USD
XLV,State StreetÂź Health Care Select Sector SPDRÂź ETF,2026-04-16,CONTRA HOLOGIC INCORPO,2602335D,436CVR021,-,4.2e-05,-,1617201.0,USD
XLV,State StreetÂź Health Care Select Sector SPDRÂź ETF,2026-04-16,XAV  HEALTH CARE  JUN26,IXCM6,ADI38TJF2,-,-0.004862,-,57500.0,USD
